date,US,EU,EM,TECH,EU HY,Me A Ee
2024-01-09,201.86,19.30,201.48,41.87,229.34,108.45
2024-01-10,203.97,19.31,200.14,41.75,230.26,108.21
2024-01-11,203.97,19.19,200.05,41.68,230.94,108.95
2024-01-12,204.59,19.36,200.05,42.16,231.10,109.01
2024-01-15,204.59,19.25,200.01,42.12,231.14,108.94
2024-01-16,205.99,19.21,198.51,42.01,230.77,108.94
2024-01-17,205.99,19.03,193.07,41.49,230.22,108.14
2024-01-18,206.35,19.24,193.07,42.14,230.54,108.13
2024-01-19,207.91,19.22,193.58,42.41,230.77,108.13
2024-01-22,210.69,19.37,191.59,42.93,231.32,108.63
2024-01-23,211.01,19.31,195.19,43.32,231.43,108.89
2024-01-24,211.50,19.73,198.62,43.58,232.89,109.77
2024-01-26,213.35,20.04,200.69,43.62,232.24,109.77
2024-01-29,215.27,20.06,200.69,43.71,232.44,110.19
2024-01-30,215.80,20.16,197.16,43.58,232.43,109.55
2024-01-31,213.30,20.09,195.24,43.07,233.50,109.26
2024-02-01,214.07,20.05,195.24,42.89,231.98,110.43
2024-02-02,217.80,20.12,197.70,43.49,232.16,110.44
2024-02-05,221.08,20.13,197.70,43.59,231.86,111.14
2024-02-06,220.32,20.28,201.71,43.83,231.68,111.43
2024-02-07,221.60,20.23,201.15,44.00,231.69,111.18
2024-02-08,222.60,20.37,198.76,44.34,231.65,111.13
2024-02-09,222.45,20.41,196.16,44.60,231.88,110.85
2024-02-12,223.41,20.58,196.16,44.98,232.26,110.85
2024-02-13,221.14,20.29,197.89,44.31,232.14,111.47
2024-02-14,222.79,20.41,198.09,44.40,232.28,112.03
2024-02-15,222.27,20.56,198.09,44.70,232.52,112.15
2024-02-16,222.50,20.66,200.98,44.80,233.81,112.68
2024-02-19,222.50,20.64,199.49,44.60,232.72,113.39
2024-02-20,218.98,20.60,199.49,44.11,232.81,113.39
2024-02-21,218.92,20.66,201.67,44.07,232.81,113.16
2024-02-22,224.43,21.01,203.55,44.84,233.10,113.17
2024-02-23,224.43,21.08,203.60,44.91,233.46,112.92
2024-02-26,225.10,21.05,203.18,44.84,233.62,112.19
2024-02-27,224.61,21.14,201.72,44.86,233.40,112.33
2024-02-28,224.18,21.13,198.87,44.65,233.26,111.91
2024-02-29,225.20,21.09,198.87,44.86,233.27,111.91
2024-03-01,225.20,21.18,199.49,45.23,233.46,112.73
2024-03-04,228.22,21.29,202.54,45.25,233.76,112.53
2024-03-05,226.69,21.21,201.28,44.63,233.85,112.09
2024-03-06,227.11,21.32,203.34,44.92,233.91,112.48
2024-03-07,227.73,21.57,201.51,44.98,234.40,112.21
2024-03-08,229.37,21.47,202.97,45.01,234.83,112.15
2024-03-11,225.54,21.34,205.10,44.92,235.05,111.65
2024-03-12,228.29,21.57,207.87,45.36,235.23,111.59
2024-03-13,227.80,21.64,207.96,45.19,235.59,112.25
2024-03-14,228.62,21.61,208.82,45.17,235.52,112.30
2024-03-15,227.66,21.58,206.87,44.72,236.67,111.83
2024-03-18,229.41,21.57,206.87,45.02,235.56,111.24
2024-03-19,228.28,21.67,205.15,44.98,235.49,111.23
2024-03-20,230.08,21.65,205.77,45.18,234.42,111.74
2024-03-21,232.56,21.88,207.35,46.09,233.96,112.76
2024-03-22,233.36,21.81,205.55,46.04,233.38,112.88
2024-03-25,232.99,21.87,205.55,45.71,233.78,112.08
2024-03-26,233.13,21.99,202.19,45.83,233.54,111.83
2024-03-27,232.54,22.07,201.09,45.80,233.52,112.03
2024-03-28,234.48,22.04,203.14,46.12,233.55,112.70
2024-04-02,232.74,21.86,207.77,45.99,233.52,112.70
2024-04-03,232.72,21.86,207.31,45.99,233.48,112.27
2024-04-04,233.15,21.98,208.16,46.24,233.71,112.27
2024-04-05,232.00,21.73,208.17,45.74,233.62,113.44
2024-04-08,232.42,21.89,207.74,45.90,233.69,113.44
2024-04-09,231.54,21.65,209.77,45.97,233.90,113.44
2024-04-10,232.27,21.70,211.31,46.05,233.94,113.44
2024-04-11,233.24,21.56,210.73,46.22,233.46,113.44
2024-04-12,235.77,21.51,209.86,46.11,233.41,113.44
2024-04-15,235.92,21.63,206.37,45.93,233.14,114.75
2024-04-16,231.39,21.35,200.38,45.17,232.18,112.04
2024-04-17,231.39,21.33,201.16,44.82,232.43,112.04
2024-04-18,229.52,21.42,203.16,44.81,232.52,112.10
2024-04-19,228.35,21.34,200.32,44.09,232.63,111.93
2024-04-22,227.73,21.47,200.32,44.21,233.04,111.93
2024-04-23,229.15,21.80,202.55,44.78,233.45,112.42
2024-04-24,231.56,21.78,203.49,45.09,233.51,112.21
2024-04-25,226.37,21.52,203.21,44.38,234.11,111.85
2024-04-26,231.36,21.84,205.98,45.41,233.24,113.16
2024-04-29,232.08,21.75,211.44,45.32,233.48,114.14
2024-04-30,232.58,21.51,209.94,45.18,233.43,114.36
2024-05-02,230.22,21.38,212.54,45.09,233.54,114.27
2024-05-03,232.81,21.52,214.49,45.62,233.86,114.27
2024-05-06,234.10,21.69,215.44,45.84,233.85,114.52
2024-05-07,235.08,21.95,214.29,46.18,234.41,114.69
2024-05-08,236.34,22.04,214.60,46.20,235.74,115.01
2024-05-09,235.98,22.16,214.60,46.25,235.74,114.90
2024-05-10,237.87,22.30,214.60,46.34,235.89,114.90
2024-05-13,236.58,22.34,220.00,46.56,234.73,114.91
2024-05-14,235.69,22.31,218.40,46.65,234.62,114.38
2024-05-15,238.14,22.40,218.27,47.10,234.92,114.35
2024-05-16,239.63,22.35,220.81,47.33,235.31,114.50
2024-05-17,238.77,22.27,223.77,47.15,235.29,115.02
2024-05-20,239.79,22.34,223.77,47.36,235.29,115.50
2024-05-21,238.55,22.25,223.07,47.19,235.54,115.50
2024-05-22,239.90,22.15,222.30,47.39,235.52,115.19
2024-05-23,239.27,22.20,219.58,47.32,235.57,114.11
2024-05-24,237.88,22.20,216.12,47.32,235.51,114.11
2024-05-27,237.88,22.29,216.39,47.14,235.52,113.36
2024-05-28,238.41,22.18,217.07,47.07,235.87,112.59
2024-05-29,238.06,21.89,214.55,46.64,235.65,112.59
2024-05-30,237.27,21.99,214.55,46.25,235.60,110.98
2024-05-31,237.27,22.00,210.86,45.72,235.60,110.75
2024-06-03,237.83,22.09,213.84,46.30,236.30,112.43
2024-06-04,236.84,21.86,212.45,46.05,236.51,111.22
2024-06-05,238.99,22.24,212.87,46.75,236.51,110.98
2024-06-06,240.83,22.39,213.56,46.98,236.60,110.92
2024-06-07,242.43,22.31,213.62,47.24,236.56,111.53
2024-06-10,243.66,22.16,213.70,47.44,236.36,113.20
2024-06-11,244.14,21.93,212.63,47.31,236.23,113.55
2024-06-12,246.50,22.23,210.38,47.93,236.70,113.40
2024-06-13,246.77,21.79,210.21,47.72,236.73,113.40
2024-06-14,248.85,21.37,211.82,47.83,236.25,114.21
2024-06-17,247.88,21.54,210.62,47.79,236.07,114.21
2024-06-18,249.40,21.68,212.06,48.09,236.41,114.21
2024-06-19,249.40,21.56,213.76,48.10,236.51,116.62
2024-06-20,250.67,21.83,214.33,48.41,236.59,116.74
2024-06-21,249.62,21.66,212.91,48.37,236.64,117.22
2024-06-24,249.24,21.85,212.38,48.47,236.77,116.87
2024-06-25,249.06,21.80,211.71,48.37,236.92,117.10
2024-06-26,250.41,21.71,211.96,48.61,238.06,117.06
2024-06-27,250.32,21.65,209.53,48.75,236.92,116.79
2024-06-28,252.25,21.61,210.59,48.93,236.83,117.60
2024-07-01,248.58,21.77,210.26,48.66,237.31,116.96
2024-07-02,248.93,21.66,207.12,48.90,237.29,116.25
2024-07-03,249.36,21.93,208.15,49.20,237.53,116.65
2024-07-04,249.36,22.04,209.60,49.28,237.69,117.52
2024-07-05,250.39,22.00,208.90,49.44,239.02,117.18
2024-07-08,251.50,21.96,208.35,49.50,239.32,117.44
2024-07-09,251.83,21.67,210.53,49.32,238.19,117.44
2024-07-10,251.97,21.91,208.77,49.53,238.24,117.46
2024-07-11,252.27,21.99,211.99,49.68,238.48,117.73
2024-07-12,250.69,22.28,213.44,49.96,238.53,117.98
2024-07-15,251.02,22.01,211.56,50.02,238.70,117.97
2024-07-16,252.05,21.85,213.71,50.29,238.77,118.78
2024-07-17,248.93,21.58,211.30,49.53,238.76,118.38
2024-07-18,248.17,21.48,211.16,49.04,238.85,118.96
2024-07-19,246.68,21.29,208.68,48.62,238.85,118.86
2024-07-22,247.27,21.61,207.17,48.80,239.00,119.36
2024-07-23,249.52,21.70,207.22,49.22,239.17,119.18
2024-07-24,245.87,21.45,208.28,48.12,239.33,119.04
2024-07-25,242.42,21.22,207.87,47.73,240.18,118.04
2024-07-26,243.58,21.44,208.60,48.04,239.35,118.67
2024-07-29,246.18,21.23,210.31,48.30,239.54,119.00
2024-07-30,246.21,21.34,209.36,48.13,239.78,119.06
2024-07-31,246.38,21.50,210.50,48.89,240.03,119.33
2024-08-01,250.69,21.02,210.91,48.21,240.22,119.57
2024-08-02,238.43,20.46,203.34,45.96,239.76,116.66
2024-08-05,229.38,20.17,194.52,44.68,238.66,110.97
2024-08-06,233.46,20.20,197.70,45.13,238.98,112.78
2024-08-07,238.21,20.61,201.47,45.83,239.56,114.54
2024-08-08,235.86,20.61,202.98,45.83,240.58,114.31
2024-08-09,237.18,20.64,204.03,45.87,239.82,114.31
2024-08-12,238.19,20.63,204.53,46.25,240.12,114.96
2024-08-13,240.56,20.73,203.80,46.59,240.36,115.23
2024-08-14,240.27,20.87,203.31,46.54,240.65,115.92
2024-08-15,245.37,21.25,203.31,47.57,240.65,117.65
2024-08-16,245.40,21.37,206.15,47.74,241.14,117.97
2024-08-19,245.39,21.51,206.93,47.74,241.28,118.55
2024-08-20,246.77,21.45,205.71,47.61,241.43,118.22
2024-08-21,246.50,21.57,205.02,47.68,241.57,118.27
2024-08-22,246.80,21.57,204.40,47.69,241.60,118.20
2024-08-23,245.19,21.68,204.88,47.88,241.79,118.02
2024-08-26,245.41,21.62,207.02,47.83,241.73,118.24
2024-08-27,243.56,21.64,207.21,47.91,242.08,117.81
2024-08-28,244.92,21.70,206.05,47.72,242.26,117.96
2024-08-29,246.22,21.93,205.77,48.48,242.48,118.43
2024-08-30,246.50,21.90,206.13,48.17,242.82,118.45
2024-09-02,246.50,21.96,205.23,48.25,242.93,119.13
2024-09-03,245.12,21.69,204.71,47.52,242.93,118.54
2024-09-04,241.73,21.41,202.28,46.99,242.78,117.88
2024-09-05,241.28,21.27,203.41,46.73,242.91,117.89
2024-09-06,240.02,20.94,203.32,46.04,243.06,117.78
2024-09-09,239.61,21.12,200.38,46.53,243.18,116.93
2024-09-10,241.13,20.99,199.20,46.36,243.25,116.97
2024-09-11,240.12,21.06,196.86,46.47,242.94,115.45
2024-09-12,243.61,21.28,199.02,47.13,243.20,116.00
2024-09-13,245.33,21.41,199.89,47.53,243.50,116.43
2024-09-16,244.80,21.34,200.23,47.08,243.84,116.20
2024-09-17,245.88,21.49,201.89,47.50,244.07,116.86
2024-09-18,244.92,21.37,201.09,47.09,244.15,116.85
2024-09-19,247.92,21.84,202.86,48.10,244.82,118.08
2024-09-20,247.25,21.53,202.88,47.77,244.91,117.86
2024-09-23,248.32,21.60,201.15,48.13,245.03,119.06
2024-09-24,247.55,21.83,204.93,48.41,246.31,119.81
2024-09-25,247.60,21.74,204.49,48.37,245.30,119.90
2024-09-26,249.88,22.24,211.21,48.88,245.54,121.49
2024-09-27,248.79,22.40,217.49,49.16,245.79,120.41
2024-09-30,247.91,22.11,222.59,48.85,245.78,119.03
2024-10-01,249.90,21.90,223.26,48.84,246.08,119.16
2024-10-02,249.18,21.93,232.25,49.27,246.04,117.53
2024-10-03,250.43,21.75,227.06,49.29,245.93,116.50
2024-10-04,252.53,21.89,230.42,49.89,245.73,117.12
2024-10-07,252.69,21.96,233.50,49.63,245.52,117.10
2024-10-08,253.23,21.88,222.74,49.52,245.41,117.65
2024-10-09,254.62,22.02,219.20,49.91,245.43,117.47
2024-10-10,256.04,21.97,220.07,49.85,245.48,118.10
2024-10-11,257.77,22.12,219.28,50.12,245.71,118.57
2024-10-14,261.53,22.28,218.68,50.41,245.89,118.76
2024-10-15,261.57,21.91,215.17,50.27,246.28,119.19
2024-10-16,260.19,21.76,217.41,50.39,246.47,120.04
2024-10-17,264.78,21.93,214.02,50.74,246.75,120.28
2024-10-18,263.67,22.08,218.42,50.90,246.96,120.23
2024-10-21,264.75,21.88,218.53,50.73,246.94,120.41
2024-10-22,264.70,21.87,219.27,50.72,246.71,120.22
2024-10-23,265.21,21.80,219.85,50.71,246.68,119.56
2024-10-24,263.06,21.85,216.93,50.38,246.83,119.52
2024-10-25,265.41,21.88,214.96,50.77,246.83,119.09
2024-10-28,264.38,22.01,217.90,50.80,246.98,120.13
2024-10-29,265.13,21.92,218.15,51.13,247.03,120.31
2024-10-30,264.35,21.69,214.73,50.52,247.06,119.50
2024-10-31,258.36,21.40,213.16,49.51,246.67,118.63
2024-11-01,260.44,21.62,213.16,49.94,246.67,119.28
2024-11-04,257.66,21.51,213.60,49.60,246.81,118.49
2024-11-05,259.00,21.58,216.42,49.98,246.84,119.08
2024-11-06,268.96,21.28,215.52,51.25,247.22,120.73
2024-11-07,271.07,21.51,218.72,51.81,247.25,121.70
2024-11-08,273.48,21.29,216.11,51.80,247.39,121.95
2024-11-11,276.81,21.52,215.27,51.98,247.64,122.70
2024-11-12,277.86,21.02,209.29,51.57,247.67,122.30
2024-11-13,278.15,21.02,208.82,51.80,247.59,121.95
2024-11-14,278.61,21.43,208.55,51.75,248.71,122.00
2024-11-15,274.75,21.26,207.96,50.97,248.71,121.87
2024-11-18,271.38,21.27,208.49,51.11,248.66,121.95
2024-11-19,271.53,21.10,209.14,51.04,248.59,121.29
2024-11-20,273.97,21.00,209.84,51.26,247.69,122.15
2024-11-21,275.03,21.11,209.05,51.75,247.60,122.82
2024-11-22,280.84,21.27,210.35,52.41,247.69,124.04
2024-11-25,279.01,21.32,211.18,52.50,248.00,123.33
2024-11-26,279.52,21.15,211.72,52.48,248.10,123.61
2024-11-27,278.95,21.02,211.87,51.72,248.19,122.75
2024-11-28,278.95,21.14,210.16,51.97,248.31,122.73
2024-11-29,279.28,21.34,209.99,52.28,248.51,122.56
2024-12-02,282.33,21.54,213.39,53.05,248.66,124.17
2024-12-03,281.58,21.69,212.81,52.84,248.09,124.54
2024-12-04,282.73,21.87,212.49,53.30,249.41,125.65
2024-12-05,281.15,22.01,211.06,53.11,249.72,125.82
2024-12-06,281.74,22.13,211.73,53.28,249.97,126.37
2024-12-09,280.20,22.16,218.24,53.87,251.20,127.38
2024-12-10,280.68,22.01,214.94,53.65,250.46,127.57
2024-12-11,281.66,22.04,216.62,53.87,250.61,127.90
2024-12-12,280.65,22.06,217.65,53.94,250.64,128.02
2024-12-13,279.97,22.07,215.72,53.63,250.56,128.20
2024-12-16,279.37,21.98,215.19,53.64,250.62,128.33
2024-12-17,276.82,21.95,212.15,53.66,250.59,127.27
2024-12-18,277.62,22.02,213.19,53.93,250.61,127.27
2024-12-19,272.62,21.67,212.98,53.12,250.30,127.20
2024-12-20,269.56,21.60,213.12,53.03,250.24,127.05
2024-12-23,273.88,21.56,213.17,53.04,250.27,126.82
2024-12-27,275.63,21.76,212.80,52.84,250.36,126.94
2024-12-30,270.96,21.63,211.27,52.59,250.44,127.26
2025-01-02,276.77,21.86,212.27,53.13,250.62,129.03
2025-01-03,276.68,21.65,212.06,53.15,250.56,129.52
2025-01-06,278.76,22.17,211.06,53.71,250.62,129.38
2025-01-07,278.26,22.27,213.45,53.34,250.56,129.67
2025-01-08,276.41,22.20,210.12,53.24,250.31,129.73
2025-01-09,276.41,22.30,209.63,53.34,249.98,129.86
2025-01-10,274.91,22.13,207.06,52.66,249.80,130.02
2025-01-13,273.14,22.03,204.36,52.18,250.28,129.48
2025-01-14,273.36,22.14,205.91,52.26,250.38,129.39
2025-01-15,276.89,22.37,207.69,53.14,250.02,130.43
2025-01-16,278.04,22.70,209.71,53.56,250.25,130.57
2025-01-17,279.29,22.89,210.42,54.02,251.41,131.35
2025-01-20,279.29,23.00,209.90,53.65,250.65,130.92
2025-01-21,279.66,22.97,214.08,53.70,250.87,131.52
2025-01-22,281.30,23.18,211.85,54.22,252.00,132.05
2025-01-23,281.44,23.22,211.28,54.00,251.07,131.75
2025-01-24,280.84,23.20,211.27,53.62,251.11,131.27
2025-01-27,273.73,23.06,213.99,52.89,251.00,130.18
2025-01-28,276.01,23.10,217.15,53.55,251.20,131.44
2025-01-29,279.17,23.25,216.09,53.71,252.38,131.99
2025-01-30,278.89,23.51,217.32,54.08,251.77,132.12
2025-01-31,281.80,23.50,218.06,54.56,252.13,132.51
2025-02-03,277.38,23.19,217.25,54.03,251.96,131.81
2025-02-04,277.34,23.41,218.83,54.21,252.24,131.90
2025-02-05,276.16,23.44,216.21,53.97,252.63,131.43
2025-02-06,280.77,23.84,220.35,54.31,252.94,133.45
2025-02-07,281.18,23.70,222.46,54.09,252.99,134.34
2025-02-10,281.02,23.81,223.07,54.84,253.12,135.21
2025-02-11,279.73,23.96,223.07,54.64,253.12,135.70
2025-02-12,278.63,24.03,226.31,54.46,253.03,135.66
2025-02-13,278.28,24.48,227.22,54.73,254.35,135.99
2025-02-14,277.60,24.47,228.57,54.75,253.76,135.48
2025-02-17,277.60,24.58,233.01,55.07,253.85,135.13
2025-02-18,279.16,24.64,234.37,55.43,255.06,136.18
2025-02-19,279.35,24.32,234.64,55.73,254.10,135.58
2025-02-20,278.82,24.32,232.68,55.42,254.13,135.81
2025-02-21,277.17,24.34,233.80,55.78,254.25,135.21
2025-02-24,272.72,24.25,232.46,54.78,254.36,134.25
2025-02-25,269.89,24.22,230.83,54.22,254.37,134.03
2025-02-26,272.05,24.58,233.79,54.39,254.57,134.55
2025-02-27,271.78,24.33,235.57,54.08,255.56,134.49
2025-02-28,269.35,24.30,230.03,53.33,254.59,133.59
2025-03-03,270.17,24.64,229.30,53.49,255.75,133.55
2025-03-04,261.47,23.96,226.95,51.84,255.54,131.57
2025-03-05,256.23,24.44,228.80,51.60,254.16,131.48
2025-03-06,253.94,24.57,233.01,51.67,252.34,131.29
2025-03-07,252.28,24.34,233.09,50.86,252.26,131.50
2025-03-10,246.06,23.97,232.90,50.38,253.01,130.29
2025-03-11,241.98,23.62,229.60,49.20,252.65,129.15
2025-03-12,243.58,23.80,228.19,49.73,252.32,130.49
2025-03-13,244.82,23.66,228.99,49.15,252.02,131.84
2025-03-14,246.37,24.00,232.12,50.01,251.72,132.93
2025-03-17,246.54,24.22,234.88,50.41,252.13,133.50
2025-03-18,244.80,24.36,236.32,50.09,253.36,133.78
2025-03-19,246.81,24.45,238.75,50.57,252.55,132.26
2025-03-20,251.24,24.22,237.67,50.59,252.74,132.39
2025-03-21,248.12,24.17,235.48,50.47,252.73,132.39
2025-03-24,254.19,24.09,234.02,51.06,252.78,132.31
2025-03-25,254.61,24.40,232.60,51.17,252.78,132.87
2025-03-26,253.28,24.09,234.06,50.72,252.78,133.93
2025-03-27,252.04,23.96,235.03,50.43,252.43,134.13
2025-03-28,245.24,23.74,231.49,49.08,252.24,133.42
2025-03-31,241.11,23.37,229.35,48.39,251.91,133.42
2025-04-01,244.93,23.69,231.11,49.18,251.94,133.42
2025-04-02,245.01,23.62,230.60,49.02,251.94,132.40
2025-04-03,233.23,22.79,223.20,46.14,251.14,127.17
2025-04-04,225.21,21.73,215.08,43.81,248.72,123.36
2025-04-07,214.91,20.73,206.72,42.60,246.05,118.52
2025-04-08,227.69,21.28,204.79,43.69,247.71,122.44
2025-04-09,214.89,20.60,199.14,41.35,245.40,118.62
2025-04-10,225.73,21.50,206.67,42.96,248.31,122.79
2025-04-11,219.89,21.36,203.94,42.84,247.65,121.32
2025-04-14,225.63,21.91,209.42,43.89,248.26,124.06
2025-04-15,226.07,22.21,210.22,44.63,248.99,125.48
2025-04-16,219.78,22.16,207.77,43.65,249.18,124.97
2025-04-17,218.54,22.02,209.12,43.52,249.79,124.58
2025-04-22,213.04,22.18,208.87,43.38,250.02,124.27
2025-04-23,224.99,22.78,216.40,44.94,251.46,126.51
2025-04-24,223.30,22.89,213.70,45.64,251.72,127.08
2025-04-25,225.70,23.07,214.72,45.77,252.06,127.22
2025-04-28,227.47,23.15,217.54,45.78,252.36,127.58
2025-04-29,226.40,23.13,215.81,46.09,252.40,127.53
2025-04-30,224.09,23.12,216.75,46.21,251.91,126.83
2025-05-02,234.82,23.70,220.03,47.99,251.92,126.83
2025-05-05,235.67,23.76,220.92,48.02,251.92,128.61
2025-05-06,233.26,23.68,220.30,47.70,252.16,127.97
2025-05-07,234.54,23.54,221.59,47.60,252.40,128.30
2025-05-08,236.72,23.80,222.54,48.62,252.74,129.05
2025-05-09,238.53,23.92,222.54,48.72,252.74,130.51
2025-05-12,246.84,24.32,230.21,51.27,254.74,132.33
2025-05-13,249.42,24.44,229.45,51.79,254.24,132.62
2025-05-14,248.51,24.40,228.27,51.56,255.28,132.10
2025-05-15,247.81,24.45,226.09,51.50,254.10,132.05
2025-05-16,249.84,24.45,226.09,51.63,254.24,132.43
2025-05-19,249.15,24.60,219.98,51.12,254.24,131.98
2025-05-20,249.53,24.73,219.95,51.07,254.44,132.64
2025-05-21,246.21,24.72,218.22,50.97,254.49,132.16
2025-05-22,244.91,24.59,216.95,50.58,254.30,131.51
2025-05-23,240.70,24.15,214.69,49.55,254.16,130.76
2025-05-26,240.70,24.46,215.99,50.12,254.16,131.41
2025-05-27,243.82,24.56,215.95,50.60,254.55,131.14
2025-05-28,246.82,24.43,217.62,50.81,255.99,132.42
2025-05-29,246.29,24.35,217.62,50.27,255.99,131.72
2025-05-30,245.00,24.34,216.37,50.00,255.46,130.51
2025-06-02,242.46,24.30,213.20,49.68,256.81,129.41
2025-06-03,246.02,24.38,215.00,50.42,255.88,130.24
2025-06-04,248.12,24.51,217.99,50.90,256.13,131.55
2025-06-05,245.90,24.54,217.63,51.62,256.35,131.55
2025-06-06,250.76,24.63,220.52,51.85,256.40,131.55
2025-06-09,249.98,24.60,220.52,52.11,256.40,131.55
2025-06-10,249.38,24.58,222.90,52.45,256.84,132.64
2025-06-11,249.77,24.48,223.44,52.27,256.98,132.17
2025-06-12,246.02,24.33,219.19,51.59,256.98,129.79
2025-06-13,246.25,24.02,216.90,51.26,256.60,128.68
2025-06-16,246.50,24.24,217.42,51.47,256.74,128.73
2025-06-17,246.73,24.00,219.20,51.70,256.71,128.12
2025-06-18,247.45,23.91,220.11,51.54,256.61,127.46
2025-06-19,247.45,23.60,217.89,51.01,256.34,126.87
2025-06-20,246.61,23.77,217.84,50.93,256.37,127.29
2025-06-23,246.09,23.72,217.84,50.72,256.37,127.73
2025-06-24,247.88,24.13,221.53,51.68,256.85,130.11
2025-06-25,249.67,23.86,222.32,51.66,256.83,130.42
2025-06-26,247.76,23.79,220.67,51.60,256.78,130.44
2025-06-27,249.93,24.20,221.57,52.03,256.72,130.44
2025-06-30,251.26,24.09,222.00,51.67,256.81,131.79
2025-07-01,250.46,24.03,222.08,51.77,256.99,131.59
2025-07-02,251.31,24.19,224.42,52.12,257.14,131.79
2025-07-03,253.49,24.31,225.67,52.89,257.45,133.30
2025-07-04,253.49,24.06,226.74,52.34,257.48,133.30
2025-07-07,254.77,24.28,227.09,52.46,257.65,133.39
2025-07-08,253.98,24.41,228.05,52.68,258.92,133.98
2025-07-09,255.07,24.75,227.05,52.48,257.98,134.51
2025-07-10,255.13,24.72,228.45,52.83,258.20,134.82
2025-07-11,255.14,24.47,228.35,52.47,258.17,134.23
2025-07-14,255.14,24.40,229.38,52.42,258.10,133.94
2025-07-15,257.10,24.34,230.77,52.86,259.38,134.32
2025-07-16,257.13,24.08,231.23,52.40,257.95,134.50
2025-07-17,259.02,24.44,230.71,53.28,259.32,135.40
2025-07-18,258.31,24.36,230.13,53.34,258.17,135.85
2025-07-21,258.85,24.30,231.21,53.39,258.30,136.45
2025-07-22,256.05,24.09,230.63,52.89,258.35,135.36
2025-07-23,256.04,24.38,234.71,53.14,258.58,136.14
2025-07-24,257.36,24.39,235.08,53.10,258.94,135.96
2025-07-25,258.54,24.38,233.98,53.08,258.99,135.82
2025-07-28,261.32,24.34,236.55,53.72,259.46,135.73
2025-07-29,263.30,24.51,237.44,53.99,259.57,136.43
2025-07-30,263.62,24.58,239.32,54.18,259.57,137.62
2025-07-31,266.44,24.25,237.49,54.09,259.76,138.04
2025-08-01,255.23,23.54,231.43,52.03,259.55,135.54
2025-08-04,258.33,23.93,232.56,52.50,259.62,137.26
2025-08-05,259.34,23.92,235.42,52.23,259.86,138.65
2025-08-06,255.85,23.98,233.33,52.10,259.95,138.67
2025-08-07,258.60,24.27,237.60,52.56,260.16,140.16
2025-08-08,257.52,24.34,236.80,52.67,260.19,140.24
2025-08-11,259.07,24.28,237.87,52.85,260.59,140.42
2025-08-12,258.53,24.30,237.17,52.81,260.71,140.59
2025-08-13,260.73,24.51,238.52,53.10,260.88,141.02
2025-08-14,261.16,24.72,238.15,53.20,261.03,141.10
2025-08-15,260.15,24.78,238.15,53.09,261.03,141.10
2025-08-18,260.40,24.71,237.53,53.16,261.07,140.64
2025-08-19,260.09,24.91,237.88,53.12,261.02,141.21
2025-08-20,257.73,24.84,237.87,52.35,260.85,141.01
2025-08-21,258.89,24.81,236.99,52.55,261.85,141.28
2025-08-22,259.25,24.92,238.52,53.20,260.61,141.06
2025-08-25,260.92,24.73,242.33,53.60,260.61,142.25
2025-08-26,261.07,24.47,240.38,53.30,260.57,141.82
2025-08-27,263.42,24.49,237.79,53.87,260.63,141.14
2025-08-28,262.10,24.51,237.78,53.87,260.63,139.78
2025-08-29,261.42,24.30,236.86,53.32,259.32,139.41
2025-09-01,261.42,24.36,237.93,53.34,260.58,138.94
2025-09-02,259.06,23.99,236.81,52.54,260.22,138.53
2025-09-03,260.55,24.15,237.58,53.05,258.86,139.20
2025-09-04,261.84,24.26,237.05,53.51,260.21,138.99
2025-09-05,261.63,24.13,239.80,53.45,260.63,139.25
2025-09-08,260.59,24.34,239.67,53.83,260.83,138.81
2025-09-09,261.06,24.38,241.82,54.11,260.86,138.96
2025-09-10,263.48,24.37,244.22,53.92,260.99,139.24
2025-09-11,263.33,24.48,243.30,54.14,261.10,139.90
2025-09-12,265.17,24.50,245.04,54.21,261.20,140.63
2025-09-15,264.73,24.78,244.62,54.41,261.43,140.18
2025-09-16,263.10,24.41,244.13,54.30,261.49,139.91
2025-09-17,261.85,24.39,247.46,54.74,261.54,139.83
2025-09-18,264.28,24.79,246.45,55.88,261.85,141.00
2025-09-19,265.21,24.80,245.79,55.69,261.85,141.33
2025-09-22,264.75,24.73,244.80,56.19,262.07,142.06
2025-09-23,265.63,24.87,243.14,56.41,262.17,142.31
2025-09-24,265.12,24.84,245.55,56.21,262.26,143.73
2025-09-25,263.40,24.75,243.79,56.39,262.07,142.93
2025-09-26,266.02,25.02,239.89,56.14,261.95,143.21
2025-09-29,265.35,25.06,243.32,56.67,262.11,143.67
2025-09-30,264.86,25.16,244.72,56.38,262.04,143.97
2025-10-01,264.21,25.40,244.42,56.65,262.13,145.45
2025-10-02,266.73,25.69,247.66,57.44,262.44,145.00
2025-10-03,267.13,25.71,247.41,57.56,262.30,145.30
2025-10-06,266.93,25.61,247.91,58.04,262.16,145.90
2025-10-07,268.84,25.54,248.07,57.70,262.05,146.00
2025-10-08,268.79,25.71,247.78,58.54,262.80,147.19
2025-10-09,270.50,25.59,249.64,58.46,261.47,147.80
2025-10-10,271.52,25.17,248.23,56.93,260.93,147.28
2025-10-13,267.93,25.33,245.54,57.48,260.75,147.40
2025-10-14,265.93,25.26,242.75,57.28,260.71,146.83
2025-10-15,269.24,25.50,247.22,57.71,261.73,147.09
2025-10-16,267.64,25.71,248.97,57.75,261.73,147.14
2025-10-17,265.34,25.50,246.75,57.26,261.38,145.29
2025-10-20,268.51,25.83,252.05,58.50,261.64,145.79
2025-10-21,270.63,25.87,253.45,58.95,261.88,144.10
2025-10-22,271.49,25.66,253.36,58.41,261.98,144.82
2025-10-23,270.71,25.79,253.60,58.43,261.98,146.10
2025-10-27,273.63,25.98,255.65,59.37,263.01,144.44
2025-10-28,273.82,25.95,253.82,59.30,263.26,145.54
2025-10-29,274.82,25.96,256.62,59.31,263.42,147.11
2025-10-30,275.87,25.96,257.37,59.42,263.32,146.29
2025-10-31,276.44,25.78,258.65,59.58,263.25,146.26
2025-11-03,276.34,25.86,259.65,59.83,263.03,146.05
2025-11-04,275.68,25.77,258.05,59.06,262.81,144.23
2025-11-05,275.10,25.83,258.56,58.89,262.90,144.42
2025-11-06,272.27,25.56,261.95,57.76,262.87,145.18
2025-11-07,267.80,25.36,259.14,56.62,262.64,143.44
2025-11-10,272.99,25.80,262.68,57.95,262.89,145.84
2025-11-11,272.90,26.07,264.66,58.07,262.91,145.85
2025-11-12,274.96,26.35,264.24,58.21,263.10,147.01
2025-11-13,271.45,26.15,263.42,57.51,262.94,146.74
2025-11-14,267.55,25.92,259.71,57.46,262.46,144.93
2025-11-17,269.67,25.67,260.37,56.94,262.55,145.11
2025-11-18,263.76,25.18,254.60,55.65,262.17,143.30
2025-11-19,267.96,25.21,255.35,55.85,262.15,144.83
2025-11-20,272.17,25.33,257.32,55.68,262.49,145.17
2025-11-21,264.95,25.08,253.98,55.37,262.25,142.87
2025-11-24,268.36,25.18,256.40,56.03,262.56,142.92
2025-11-25,268.91,25.39,257.75,56.45,262.68,142.85
2025-11-26,272.32,25.76,260.08,56.90,262.84,144.24
2025-11-27,272.32,25.75,259.89,56.63,263.05,143.80
2025-11-28,272.98,25.82,259.84,56.99,263.21,144.35
2025-12-01,271.84,25.81,259.69,57.04,263.22,144.22
2025-12-02,272.63,25.90,262.37,57.34,263.35,144.08
2025-12-03,271.03,25.93,261.54,57.68,263.49,144.00
2025-12-04,271.45,26.03,261.62,57.90,263.55,144.49
2025-12-05,273.45,26.06,263.90,58.56,263.67,146.18
2025-12-08,273.68,26.07,262.45,58.55,263.63,145.56
2025-12-09,273.25,26.04,261.13,58.55,263.57,145.89
2025-12-10,272.35,25.99,263.04,58.52,263.46,146.61
2025-12-11,270.09,26.21,260.04,58.03,263.41,146.97
2025-12-12,271.47,26.06,262.62,57.58,263.47,148.01
2025-12-15,268.45,26.21,261.01,57.21,263.55,146.71
2025-12-16,266.82,26.06,257.40,56.85,263.65,145.88
2025-12-17,267.29,25.88,260.61,56.82,263.69,146.95
2025-12-18,267.15,26.17,259.27,57.29,263.80,147.07
2025-12-19,269.22,26.26,261.45,57.45,263.80,148.02
2025-12-22,269.97,26.18,259.49,57.68,263.88,148.91
2025-12-23,270.80,26.21,260.03,57.51,264.01,149.20
2025-12-29,271.88,26.23,264.74,57.92,264.18,148.47
2025-12-30,272.51,26.43,266.53,58.09,264.24,148.63
2026-01-02,272.65,26.69,270.14,58.20,264.05,150.40
2026-01-05,273.50,27.05,273.85,59.58,264.68,151.28
2026-01-06,274.43,27.09,278.19,60.26,264.91,152.81
2026-01-07,275.99,27.05,278.04,60.42,265.24,153.18
2026-01-08,274.84,26.96,275.96,60.05,265.44,152.89
2026-01-09,276.63,27.39,276.23,60.73,265.57,154.21
2026-01-12,276.00,27.49,277.25,60.78,265.70,154.21
2026-01-13,276.42,27.54,278.24,60.62,265.73,156.88
2026-01-14,273.98,27.43,279.91,59.82,265.73,157.25
2026-01-15,273.98,27.59,279.91,60.78,265.81,157.25
2026-01-16,275.81,27.59,281.07,60.78,265.81,156.77
